{
	"MGM Casino": {
		"Lat": 42.335025,
		"Long": -83.059389
	},

	"Campus Martius": {
		"Lat": 42.332271,
		"Long": -83.0468119
	}


}